{
  "AA": "American Airlines",
  "AF": "Air France",
  "AC": "Air Canada",
  "KL": "KLM",
  "AM": "Aeroméxico",
  "AR": "Aerolíneas Argentinas",
  "AS": "Alaska Airlines",
  "AV": "Avianca",
  "AY": "Finnair",
  "AZ": "ITA Airways",
  "BA": "British Airways",
  "B6": "JetBlue",
  "CM": "Copa Airlines",
  "DL": "Delta Air Lines",
  "EI": "Aer Lingus",
  "FR": "Ryanair",
  "IB": "Iberia",
  "LA": "LATAM Airlines",
  "LH": "Lufthansa",
  "LO": "LOT Polish Airlines",
  "LS": "Jet2",
  "LX": "SWISS",
  "NK": "Spirit Airlines",
  "NT": "Binter Canarias",
  "QR": "Qatar Airways",
  "TP": "TAP Air Portugal",
  "UA": "United Airlines",
  "U2": "easyJet",
  "UX": "Air Europa",
  "VB": "VivaAerobus",
  "VS": "Virgin Atlantic",
  "VY": "Vueling",
  "W6": "Wizz Air",
  "X3": "TUI fly Deutschland",
  "2W": "World2Fly",
  "3U": "Sichuan Airlines",
  "5U": "TAG Airlines",
  "7W": "Windrose Airlines"
}